ATC,DB,Farmaco
J05AF06,DB01048,ABACAVIR
J05AR02,DB01048,ABACAVIR-LAMIVUDINA
L04AA24,DB01281,ABATACEPT
B01AC13,DB00054,ABCIXIMAB
L01EF03,DB12001,ABEMACICLIB
L02BX03,DB05812,ABIRATERONA
D11AH08,DB14973,ABROCITINIB
L01EL02,DB11703,ACALABRUTINIB
M01AB11,DB13783,ACEMETACINA
B01AA07,DB01418,ACENOCUMAROL
S01EC01,DB00819,ACETAZOLAMIDA
R05CB01,DB06151,ACETILCISTEINA
N07AB01,DB03128,ACETILCOLINA
J05AB01,DB00787,ACICLOVIR
B01AC06,DB00945,ACIDO ACETILSALICILICO
C10BX06,DB00178,ACIDO ACETILSALICILICO/ATORVASTATINA/RAMIPRIL
M05BA04,DB00630,ACIDO ALENDRONICO
B02AA01,DB00513,ACIDO AMINOCAPROICO
A11GA01,DB00126,ACIDO ASCORBICO (VITAMINA C)
A16AA05,DB06775,ACIDO CARGLUMICO
B03BB01,DB00158,ACIDO FOLICO
B03AD04,DB15763,ACIDO FOLICO/HIERRO POLIMALTOSADO
V03AF03,DB00650,ACIDO FOLINICO
L04AA06,DB01024,ACIDO MICOFENOLICO
G04BX51,DB00779,ACIDO NALIDIXICO/FENAZOPIRIDINA
D10AD01,DB00755,ACIDO RETINOICO
M05BA07,DB00884,ACIDO RISEDRONICO
M05BB07,DB00884,ACIDO RISEDRONICO/COLECALCIFEROL
A16AX01,DB06253,ACIDO TIOCTICO
B02AA02,DB00302,ACIDO TRANEXAMICO
A05AA02,DB01586,ACIDO URSODEOXICOLICO
N03AG01,DB00313,ACIDO VALPROICO
M05BA08,DB00399,ACIDO ZOLEDRONICO
A11AA01,DB11133,ACIDOS GRASOS OMEGA-3
L04AB04,DB00051,ADALIMUMAB
A16AA02,DB00118,ADEMETIONINA
C01EB10,DB00640,ADENOSINA
L01EB03,DB08916,AFATINIB
L01XX44,DB08885,AFLIBERCEPT
A16AB03,DB15874,AGALSIDASA ALFA
A16AB04,DB00103,AGALSIDASA BETA
B05XB02,DB11876,ALANINA/LEVOGLUTAMINA
P02CA03,DB00518,ALBENDAZOL
B05AA01,DB00062,ALBUMINA HUMANA
S01XA20,DB11060,ALCOHOL POLIVINILICO
L01ED03,DB11363,ALECTINIB
L04AA34,DB00087,ALEMTUZUMAB
V06DD01,DB09393,ALFA CETOANALOGOS DE AMINOACIDOS
N04BC02,DB13385,ALFA-DEHIDROERGOCRIPTINA
R05CB13,DB00003,ALFA-DORNASA
A16AB07,DB01272,ALGLUCOSIDASA ALFA
D02AF,SINDB,ALIBOUR
C09XA02,DB09026,ALISKIREN
C09DB01,DB09026,ALISKIREN/AMLODIPINO
C09DX04,DB09026,ALISKIREN/AMLODIPINO/HIDROCLOROTIAZIDA
C09XA52,DB09026,ALISKIREN/HIDROCLOROTIAZIDA
A02AD02,DB08938,ALMAGATO
M04AA01,DB00437,ALOPURINOL
N05BA12,DB00404,ALPRAZOLAM
C01EA01,DB00770,ALPROSTADIL
B01AD02,DB00009,ALTEPLASA
A02AD01,DB06723,ALUMINIO/MAGNESIO
A03AX13,DB01616,ALVERINA/SIMETICONA
N04BB01,DB00915,AMANTADINA
N02BE51,DB00915,AMANTADINA/CLORFENAMINA/PARACETAMOL
R05CB06,DB06742,AMBROXOL
J02AA01,DB00681,AMFOTERICINA B
J02AA01,DB00681,AMFOTERICINA B LIPOSOMAL
V03AF05,DB01143,AMIFOSTINA
J01GB06,DB00479,AMIKACINA
R03DA05,DB01223,AMINOFILINA
C01BD01,DB01118,AMIODARONA
N05AL05,DB06288,AMISULPRIDA
N06AA09,DB00321,AMITRIPTILINA
N06AA09,DB00321,AMITRIPTILINA/DIAZEPAM/PERFENACINA
L01FX02,DB16695,AMIVANTAMAB
C08CA01,DB00381,AMLODIPINO
C09DB06,DB00381,AMLODIPINO/LOSARTAN
C09DB01,DB00381,AMLODIPINO/VALSARTAN
C09DX01,DB00381,AMLODIPINO/VALSARTAN/HIDROCLOROTIAZIDA
J01CA04,DB01060,AMOXICILINA
J01CR02,DB01060,AMOXICILINA/ACIDO CLAVULANICO
J01CA01,DB00415,AMPICILINA
L02BG03,DB01217,ANASTROZOL
V03AB38,DB14562,ANDEXANET ALFA
N06AX12,DB01156,ANFEBUTAMONA (BUPROPION)
J02AX06,DB00362,ANIDULAFUNGINA
L04AA47,DB11976,ANIFROLUMAB
B01AB02,DB11598,ANTITROMBINA III
L02BB05,DB11901,APALUTAMIDA
B01AF02,DB06605,APIXABAN
N04BC07,DB00714,APOMORFINA
A04AD12,DB00673,APREPITANT
N05AX12,DB01238,ARIPIPRAZOL
A16AB13,DB09105,ASFOTASA ALFA
L01XX02,DB00023,ASPARAGINASA R-L
C07AB03,DB00335,ATENOLOL
L01FF05,DB11595,ATEZOLIZUMAB
N06BA09,DB00289,ATOMOXETINA
C10AA05,DB01076,ATORVASTATINA
C10BA05,DB01076,ATORVASTATINA/EZETIMIBA
G02CX01,DB09059,ATOSIBAN
A03BA01,DB00572,ATROPINA
L01FF03,DB11945,AVELUMAB
L01EK01,DB06626,AXITINIB
L01BC07,DB00928,AZACITIDINA
L04AX01,DB00993,AZATIOPRINA
C09CA09,DB08822,AZILSARTAN
C09DA09,DB08822,AZILSARTAN/CLORTALIDONA
J01FA10,DB00207,AZITROMICINA
A07FA01,DB16537,BACILLUS CLAUSII
D02AC,SINDB,BAÑO COLOIDE
L04AA37,DB11817,BARICITINIB
L04AA01,DB00074,BASILIXIMAB
L03AX03,DB12768,BCG INMUNOTERAPEUTICO
R03BA01,DB00394,BECLOMETASONA DIPROPIONATO
R03AK07,DB00394,BECLOMETASONA/FORMOTEROL
R03AL09,DB00394,BECLOMETASONA/FORMOTEROL/GLICOPIRRONIO
L04AA26,DB08879,BELIMUMAB
J01CE08,DBSALT002769,BENCILPENICILINA BENZATINICA
J01CE09,DB09320,BENCILPENICILINA PROCAINICA
J01CE01,DB01053,BENCILPENICILINA SODICA
L01AA09,DB06769,BENDAMUSTINA
R03DX10,DB12023,BENRALIZUMAB
D10AE01,DB09096,BENZOILO (PEROXIDO DE BENZOILO)
R05DB18,DB00868,BENZONATATO
R07AA02,DB06761,BERACTANT
N07CA01,DB06698,BETAHISTINA
A16AA06,DB06756,BETAINA ANHIDRA
H02AB01,DB00443,BETAMETASONA
H02AB01,DB00443,BETAMETASONA FOSFATO/DIPROPIONATO
L01FG01,DB00112,BEVACIZUMAB
C10AB02,DB01393,BEZAFIBRATO
L02BB03,DB01128,BICALUTAMIDA
J05AR20,DB11799,BICTEGRAVIR/EMTRICITABINA/TENOFOVIR ALAFENAMIDA
L04AC21,DB12917,BIMEKIZUMAB
N04AA02,DB00810,BIPERIDENO
A07BB,DB01294,BISMUTO
C07AB07,DB00612,BISOPROLOL
L01DC01,DB00290,BLEOMICINA
L01FX01,DB09052,BLINATUMOMAB
L01XX32,DB00188,BORTEZOMIB
C02KX01,DB00559,BOSENTAN
L01EA04,DB06616,BOSUTINIB
L01FX05,DB08870,BRENTUXIMAB VEDOTIN
L01EC04,DB12267,BRIGATINIB
S01EA05,DB00484,BRIMONIDINA
S01ED51,DB00484,BRIMONIDINA/TIMOLOL
S01ED51,DB00484,BRIMONIDINA/TIMOLOL/DORZOLAMIDA
N03AX23,DB05541,BRIVARACETAM
N05BA08,DB01558,BROMAZEPAM
R03BA02,DB01222,BUDESONIDA
R03AK07,DB01222,BUDESONIDA/FORMOTEROL
R03AL11,DB01222,BUDESONIDA/GLICOPIRRONIO/FORMOTEROL
C03CA02,DB00887,BUMETANIDA
N01BB01,DB00297,BUPIVACAINA
N02AE01,DB00921,BUPRENORFINA
M05BX05,DB14012,BUROSUMAB
L01AB01,DB01008,BUSULFAN
A03BB01,DB00462,BUTILHIOSCINA
N02BB,DB00462,BUTILHIOSCINA/METAMIZOL
L01CD04,DB06772,CABAZITAXEL
G02CB03,DB00248,CABERGOLINA
J05AJ04,DB11751,CABOTEGRAVIR
L01EX07,DB08875,CABOZANTINIB
N06BC01,DB00201,CAFEINA CITRATO
A12AA,DB01164,CALCIO
A02AC01,DB06724,CALCIO CARBONATO
A12AX,DB06724,CALCIO CARBONATO/VITAMINA D3
A12AA03,DB11126,CALCIO GLUCONATO
D05AX52,DB02300,CALCIPOTRIOL/BETAMETASONA
A11CC04,DB00136,CALCITRIOL
C09CA06,DB00796,CANDESARTAN
C09DA06,DB00796,CANDESARTAN/HIDROCLOROTIAZIDA
L01BC06,DB01101,CAPECITABINA
C09AA01,DB01197,CAPTOPRIL
N03AF01,DB00564,CARBAMAZEPINA
H01BB03,DB01282,CARBETOCINA
A07BA01,DB09278,CARBON ACTIVADO
L01XA02,DB00958,CARBOPLATINO
B03AC,DB08917,CARBOXIMALTOSA FERRICA
L01XX45,DB08889,CARFILZOMIB
C07AG02,DB01136,CARVEDILOL
J02AX04,DB00520,CASPOFUNGINA
J01DC04,DB00833,CEFACLOR
J01DB01,DB00567,CEFALEXINA
J01DB03,DB00456,CEFALOTINA
J01DE01,DB01413,CEFEPIMA
J01DD08,DB00671,CEFIXIMA
J01DD01,DB00493,CEFOTAXIMA
J01DD02,DB00438,CEFTAZIDIMA
J01DD52,DB00438,CEFTAZIDIMA/AVIBACTAM
J01DD14,DB01415,CEFTIBUTEN
J01DI54,DB09050,CEFTOLOZANO/TAZOBACTAM
J01DD04,DB01212,CEFTRIAXONA
J01DC02,DB01112,CEFUROXIMA
M01AH01,DB00482,CELECOXIB
L01FF06,DB14707,CEMIPLIMAB
N06BX,DB16599,CEREBROLYSIN
L04AB05,DB08904,CERTOLIZUMAB
H01CC02,DB00050,CETRORELIX
L01FE01,DB00002,CETUXIMAB
L01AA01,DB00531,CICLOFOSFAMIDA
S01FA04,DB00979,CICLOPENTOLATO
L04AD01,DB00091,CICLOSPORINA
B01AC23,DB01166,CILOSTAZOL
H05BX01,DB01012,CINACALCET
N07CA02,DB00568,CINARIZINA
A03FA07,DB08810,CINITAPRIDA
J01MA02,DB00537,CIPROFLOXACINO
G03HB01,DB04839,CIPROTERONA/ETINILESTRADIOL
A03FA02,DB00604,CISAPRIDA
M03AC11,DB00565,CISATRACURIO
L01XA01,DB00515,CISPLATINO
A16AA04,DB00847,CISTEAMINA
N06AB04,DB00215,CITALOPRAM
L01BC01,DB00987,CITARABINA
N06BX06,DB12153,CITICOLINA
N07X,DB02431,CITIDIN 5 MONOFOSFATO/ URIDIN 5 TRIFOSFATO
L01BB04,DB00242,CLADRIBINA
J01FA09,DB01211,CLARITROMICINA
D10AX06,DB12499,CLASCOTERONA
A03FA06,DB13511,CLEBOPRIDA
J01FF01,DB01190,CLINDAMICINA
D08AH01,DB04815,CLIOQUINOL
N05BA09,DB00349,CLOBAZAM
L01BB06,DB00631,CLOFARABINA
C10AB01,DB00636,CLOFIBRATO
G03GB02,DB00882,CLOMIFENO
N03AE01,DB01068,CLONAZEPAM
M01AX,DB09218,CLONIXINATO DE LISINA
B01AC04,DB00758,CLOPIDOGREL
B01AC30,DB00758,CLOPIDOGREL/ACIDO ACETILSALICILICO
L01AA02,DB00291,CLORAMBUCILO
S01AA01,DB00446,CLORANFENICOL
S01AA,DB00446,CLORANFENICOL/SULFACETAMIDA
R06AB04,DB01114,CLORFENAMINA
R06AB54,DB01114,CLORFENAMINA COMPUESTA
G03DB06,DB13528,CLORMADINONA
R06AC03,DB08800,CLOROPIRAMINA
P01BA01,DB00608,CLOROQUINA
C03BA04,DB00310,CLORTALIDONA
V10XX03,DB08913,CLORURO DE RADIO 223
B05XA03,DB09153,CLORURO DE SODIO
N05AH02,DB00363,CLOZAPINA
V03A,DB16525,COLAGENA-POLIVINILPIRROLIDONA
M04AC01,DB01394,COLCHICINA
A11CC05,DB00169,COLECALCIFEROL (VITAMINA D3)
C10AC01,DB01432,COLESTIRAMINA
J01XB01,DB01111,COLISTIMETATO
A11EA,DB00115,COMPLEJO B
B02B,DB13151,COMPLEJO COAGULANTE ANTI-INHIBIDOR DEL FACTOR VIII
B02BD01,DB11311,COMPLEJO DE PROTROMBINA HUMANA
G03GA08,DB00097,CORIOGONADOTROPINA ALFA
L01EA02,DB08865,CRIZOTINIB
R01AC01,DB01003,CROMOGLICATO DE SODIO
B01AE07,DB06695,DABIGATRAN
L01AX04,DB00851,DACARBAZINA
L01DA01,DB00970,DACTINOMICINA
B02B,DB14700,DAMOCTOCOG ALFA PEGOL
G03XA01,DB01406,DANAZOL
A10BK01,DB06292,DAPAGLIFLOZINA
A10BD15,DB06292,DAPAGLIFLOZINA/METFORMINA
J04BA02,DB00250,DAPSONA
L01FC01,DB09331,DARATUMUMAB
B03XA02,DB00012,DARBEPOETINA ALFA
L02BB06,DB12941,DAROLUTAMIDA
J05AE10,DB01264,DARUNAVIR
J05AE10,DB01264,DARUNAVIR/COBICISTAT
L01EA02,DB01254,DASATINIB
L01FX35,DB16410,DATOPOTAMAB DERUXTECAN
L01DB02,DB00694,DAUNORUBICINA
V03AC03,DB01609,DEFERASIROX
B01AX01,DB04932,DEFIBROTIDA
H02AB13,DB11921,DEFLAZACORT
L02BX02,DB06699,DEGARELIX
M05BX04,DB06643,DENOSUMAB
N01AB07,DB01189,DESFLURANO
R06AX27,DB00967,DESLORATADINA
H01BA02,DB00035,DESMOPRESINA
G03AC09,DB00304,DESOGESTREL
G03AA09,DB00304,DESOGESTREL/ETINILESTRADIOL
N06AX23,DB06700,DESVENLAFAXINA
H02AB02,DB01234,DEXAMETASONA
M01AE17,DB09214,DEXKETOPROFENO
A02BC06,DB05351,DEXLANSOPRAZOL
N05CM18,DB00633,DEXMEDETOMIDINA
V03AF02,DB00380,DEXRAZOXANO
R05DA09,DB00514,DEXTROMETORFANO
N05BA01,DB00829,DIAZEPAM
M01AB05,DB00586,DICLOFENACO
J01CF01,DB00485,DICLOXACILINA
G03DB08,DB09123,DIENOGEST
R06AA02,DB01075,DIFENHIDRAMINA
A04AD,DB01231,DIFENIDOL
C01AA05,DB00390,DIGOXINA
C08DB01,DB00343,DILTIAZEM
A04AA02,DB00985,DIMENHIDRINATO
N07XX09,DB08908,DIMETILFUMARATO
G02AD02,DB00917,DINOPROSTONA
A07BC05,DB13654,DIOSMECTITA
C05CA53,DB08995,DIOSMINA/ HESPERIDINA
B01AC07,DB00975,DIPIRIDAMOL
P01A,DB04815,DIYODOHIDROXIQUINOLEINA (IODOQUINOL)
C01CA07,DB00841,DOBUTAMINA
L01CD02,DB01248,DOCETAXEL
J05AJ03,DB08930,DOLUTEGRAVIR
J05AR13,DB08930,DOLUTEGRAVIR/ABACAVIR/LAMIVUDINA
J05AR25,DB08930,DOLUTEGRAVIR/LAMIVUDINA
N06DX05,DB16647,DONANEMAB
N06DA02,DB00843,DONEPECILO
C01CA04,DB00988,DOPAMINA
J05AG06,DB12301,DORAVIRINA
J05AR24,DB12301,DORAVIRINA/LAMIVUDINA/TENOFOVIR
S01EC03,DB00869,DORZOLAMIDA
S01ED01,DB00869,DORZOLAMIDA/TIMOLOL
J01AA02,DB00254,DOXICICLINA
L01DB01,DB00997,DOXORRUBICINA
A10BJ05,DB09045,DULAGLUTIDA
N06AX21,DB00476,DULOXETINA
D11AH05,DB12159,DUPILUMAB
L01FF03,DB11714,DURVALUMAB
G04CB02,DB01126,DUTASTERIDA
G04CA52,DB01126,DUTASTERIDA/TAMSULOSINA
J05AG03,DB00625,EFAVIRENZ
J05AR06,DB00625,EFAVIRENZ/EMTRICITABINA/TENOFOVIR
C01CA26,DB01364,EFEDRINA
N02CC06,DB00216,ELETRIPTAN
A16AB12,DB09051,ELOSULFASA ALFA
B02BX05,DB06210,ELTROMBOPAG
B02BX06,DB13923,EMICIZUMAB
A10BK03,DB09038,EMPAGLIFLOZINA
A10BD19,DB09038,EMPAGLIFLOZINA/LINAGLIPTINA
A10BD20,DB09038,EMPAGLIFLOZINA/METFORMINA
J05AR17,DB00879,EMTRICITABINA/TENOFOVIR ALAFENAMIDA
J05AR03,DB00879,EMTRICITABINA/TENOFOVIR DISOPROXIL
C09AA02,DB00584,ENALAPRIL
C09BA02,DB00584,ENALAPRIL/HIDROCLOROTIAZIDA
L01EC03,DB11718,ENCORAFENIB
L01FX13,DB13007,ENFORTUMAB VEDOTINA
B01AB05,DB01225,ENOXAPARINA
N04BX02,DB00494,ENTACAPONA/LEVODOPA/CARBIDOPA
J05AF10,DB00442,ENTECAVIR
L02BB04,DB08899,ENZALUTAMIDA
A09A,DB00085,ENZIMAS PANCREATICAS/DIMETICONA
R01AC03,DB00751,EPINASTINA
C01CA24,DB00668,EPINEFRINA
L01DB03,DB00445,EPIRUBICINA
C03DA04,DB00700,EPLERENONA
B02BD08,DB00036,EPTACOG ALFA
R05CB15,DB05057,ERDOSTEINA
G02AB03,DB01253,ERGOMETRINA
N02CA52,DB00696,ERGOTAMINA/CAFEINA
L01XX41,DB08871,ERIBULINA
J01FA01,DB00199,ERITROMICINA
B03XA01,DB19197,ERITROPOYETINA
L01EB02,DB00530,ERLOTINIB
J01DH03,DB00303,ERTAPENEM
N06AB10,DB01175,ESCITALOPRAM
N01AX14,DB11823,ESKETAMINA
C07AB09,DB00187,ESMOLOL
A02BC05,DB00736,ESOMEPRAZOL
L04AC22,DB15626,ESPESOLIMAB
C03DA01,DB00421,ESPIRONOLACTONA
G03HB01,DB13954,ESTRADIOL/CIPROTERONA
G03FA17,DB01395,ESTRADIOL/DROSPIRENONA
G03FA01,DB00717,ESTRADIOL/NORETISTERONA
G03FA15,DB13956,ESTRADIOL/TRIMEGESTERONA
G03CA03,DB13956,ESTRADIOL/VALERATO
J01GA01,DB01082,ESTREPTOMICINA
B01AD01,DB00086,ESTREPTOQUINASA
G03CA04,DB04573,ESTRIOL
G03CA57,DB00286,ESTROGENOS CONJUGADOS
G03FA12,DB00286,ESTROGENOS CONJUGADOS/MEDROXIPROGESTERONA
J04AK02,DB00330,ETAMBUTOL
B02BX01,DB13483,ETAMSILATO
L04AB01,DB00005,ETANERCEPT
M01AB08,DB08984,ETOFENAMATO
N01AX07,DB00292,ETOMIDATO
G03AC08,DB00294,ETONOGESTREL
L01CB01,DB00773,ETOPOSIDO
M01AH05,DB01628,ETORICOXIB
J05AG04,DB06414,ETRAVIRINA
L01EG02,DB01590,EVEROLIMUS
C10AX13,DB09303,EVOLOCUMAB
L02BG06,DB00990,EXEMESTANO
C10AX09,DB00973,EZETIMIBA
C10BA02,DB00641,EZETIMIBA/SIMVASTATINA
B02BD02,DB09329,FACTOR ANTIHEMOFILICO HUMANO
L03AX ,DB06244,FACTOR DE CRECIMIENTO EPIDERMICO HUMANO RECOMBINANTE (FCEHR)
B02BD04,DB00100,FACTOR IX O NONACOG ALFA
B02BD02 ,DB11607,FACTOR VIII DE LA COAGULACION HUMANO
B02BD06,DB11607,FACTOR VIII DE LA COAGULACION SANGUINEA HUMANO/FACTOR DE VON WILLEBRAND
B02BD13,DB13148,FACTOR X DE COAGULACION HUMANO
A02BA03,DB00927,FAMOTIDINA
N07XX07,DB06637,FAMPRIDINA
S01LA09,DB15303,FARICIMAB
C08CA02,DB01023,FELODIPINO
G04BX06,DB01438,FENAZOPIRIDINA
R01AA04,DB00388,FENILEFRINA
N03AB02,DB00252,FENITOINA
N03AA02,DB01174,FENOBARBITAL
C10AB05,DB01039,FENOFIBRATO
N02AB03,DB00813,FENTANILO
R06AX26,DB00950,FEXOFENADINA
G02CX06,DB15669,FEZOLINETANT
B02BB01,DB09222,FIBRINOGENO HUMANO
L03AA02,DB00099,FILGRASTIM
G04CB01,DB01216,FINASTERIDA
C03DA05,DB16165,FINERENONA
L04AA27,DB08868,FINGOLIMOD
B02BA01,DB01022,FITOMENADIONA
C01BC04,DB01195,FLECAINIDA
J02AC01,DB00196,FLUCONAZOL
L01BB05,DB01073,FLUDARABINA
H02AA02,DB00687,FLUDROCORTISONA
V03AB25,DB01205,FLUMAZENIL
N07CA03,DB04841,FLUNARIZINA
N05CD03,DB01544,FLUNITRAZEPAM
D07AC04,DB00591,FLUOCINOLONA
J01XD01,DB00591,FLUOCINOLONA/NISTATINA/METRONIDAZOL
S01BA07,DB00324,FLUOROMETOLONA
L01BC02,DB00544,FLUOROURACILO
N06AB03,DB00472,FLUOXETINA
N05AF01,DB00875,FLUPENTIXOL
L02BB01,DB00499,FLUTAMIDA
R01AD08,DB13867,FLUTICASONA
R03AL08,DB13867,FLUTICASONA/UMECLIDINIO/VILANTEROL
R03AK10,DB13867,FLUTICASONA/VILANTEROL
G03GA05,DB00066,FOLITROPINA ALFA
G03GA30,DB00066,FOLITROPINA ALFA/LUTROPINA ALFA
G03GA06,DB00066,FOLITROPINA BETA
B01AX05,DB00569,FONDAPARINUX
R03AC13,DB00983,FORMOTEROL
A04AD15,DB06717,FOSAPREPITANT
A06A,DB09449,FOSFATO Y CITRATO DE SODIO
R07A,DB06415,FOSFOLIPIDOS DE PULMON PORCINO
J01XX01,DB00828,FOSFOMICINA
J05AX28,DB11796,FOSTEMSAVIR
L01EK04,DB11679,FRUQUINTINIB
L02BA03,DB00947,FULVESTRANT
B03AA02,DB14491,FUMARATO FERROSO
C03CA01,DB00695,FUROSEMIDA
N03AX12,DB00996,GABAPENTINA
N06DA04,DB00674,GALANTAMINA
A16AB08,DB01279,GALSULFASA
J05AB06,DB01004,GANCICLOVIR
S01AA19,DB01044,GATIFLOXACINO
L01EB01,DB00317,GEFITINIB
L01BC05,DB00441,GEMCITABINA
J01GB03,DB00798,GENTAMICINA
G03AA10,DB06730,GESTODENO/ETINILESTRADIOL
L01EX13,DB12141,GILTERITINIB
L03AX13,DB05259,GLATIRAMER
J05AP57,DB13879,GLECAPREVIR/PIBRENTASVIR
A10BB01,DB01016,GLIBENCLAMIDA
A06AX01,DB08909,GLICEROL
A10BB09,DB01120,GLICLAZIDA
A10BB12,DB00222,GLIMEPIRIDA
A10BD02,DB00222,GLIMEPIRIDA/METFORMINA
L04AA04,DB00098,GLOBULINA ANTITIMOCITICA
L04AB06,DB06674,GOLIMUMAB
G03GA01,DB00097,GONADOTROFINA CORIONICA
G03GA02,DB00644,GONADOTROFINAS POSTMENOPAUSICAS
L02AE03,DB00014,GOSERELINA
A04AA02,DB00889,GRANISETRON
A03AX,DB13329,GUAIAZULENO/DIMETICONA
L04AC16,DB11834,GUSELKUMAB
N05AD01,DB00502,HALOPERIDOL
B06AC01,DB03404,HEMINA HUMANA
B01AB01,DB01109,HEPARINA
S01XA20,DB08818,HIALURONATO DE SODIO
C02DB02,DB01275,HIDRALAZINA
C03AA03,DB00999,HIDROCLOROTIAZIDA
H02AB09,DB00741,HIDROCORTISONA
D11AX11,DB09526,HIDROQUINONA
L01XX05,DB01005,HIDROXICARBAMIDA
P01BA02,DB01611,HIDROXICLOROQUINA
A02AF02,DB08938,HIDROXIDO DE ALUMINIO/HIDROXIDO DE MAGNESIO/DIMETICONA
G03DA03,DB06789,HIDROXIPROGESTERONA
N05BB01,DB00557,HIDROXIZINA
B03BA03,DB00200,HIDROXOCOBALAMINA
A11DB,DB00200,HIDROXOCOBALAMINA/TIAMINA/PIRIDOXINA
B03AA,DB01592,HIERRO
B03AC06,DB00893,HIERRO DEXTRAN
S01XA20,DB11075,HIPROMELOSA
L01EL01,DB09053,IBRUTINIB
M01AE01,DB01050,IBUPROFENO
B06AC02,DB06196,ICATIBANT
L01DB06,DB01177,IDARUBICINA
V03AB37,DB09264,IDARUCIZUMAB
A16AB09,DB01271,IDURSULFASA
L01AA06,DB01181,IFOSFAMIDA
B01AC11,DB01088,ILOPROST
L01EA01,DB00619,IMATINIB
A16AB02,DB00053,IMIGLUCERASA
J01DH51,DB01598,IMIPENEM/CILASTATINA
N06AA02,DB00458,IMIPRAMINA
D06BB10,DB00724,IMIQUIMOD
C10AX16,DB14901,INCLISIRAN
R03AL04,DB05039,INDACATEROL/GLICOPIRRONIO
M01AB01,DB00328,INDOMETACINA
L04AB02,DB00065,INFLIXIMAB
B06AC01,DB06404,INHIBIDOR ESTERASA C1 HUMANO
J06BB01,DB11597,INMUNOGLOBULINA ANTI-D
L04AA04,DB00098,INMUNOGLOBULINA ANTILINFOCITOS T HUMANOS
J06BA01,DB00028,INMUNOGLOBULINA G NO MODIFICADA
J06BA02,DB00028,INMUNOGLOBULINA HUMANA
N07XX11,DB14713,INOTERSEN
L01FX15,DB05889,INOTUZUMAB OZOGAMICINA
A10AB05,DB01306,INSULINA ASPARTA
A10AD05,DB01306,INSULINA ASPARTA PROTAMINA
A10AE06,DB09564,INSULINA DEGLUDEC
A10AE05,DB01307,INSULINA DETEMIR
A10AE04,DB00047,INSULINA GLARGINA
A10AB06,DB01309,INSULINA GLULISINA
A10AB01,DB00030,INSULINA HUMANA
A10AB04,DB00046,INSULINA LISPRO
A10AD04,DB00030,INSULINA LISPRO/PROTAMINA
L03AB,DB00060,INTERFERON BETA
L01FF04,DB06186,IPILIMUMAB
R03BB01,DB00332,IPRATROPIO
R03AK03,DB00332,IPRATROPIO/FENOTEROL
R03AK04,DB00332,IPRATROPIO/SALBUTAMOL
C09CA04,DB01029,IRBESARTAN
C09DB05,DB01029,IRBESARTAN/AMLODIPINO
C09DA04,DB01029,IRBESARTAN/HIDROCLOROTIAZIDA
L01XX19,DB00762,IRINOTECAN
L01FC02,DB14811,ISATUXIMAB
D01AC05,DB08943,ISOCONAZOL
N01AB06,DB00753,ISOFLURANO
J04AC01,DB00951,ISONIAZIDA
J04AM02,DB01045,ISONIAZIDA/RIFAMPICINA
J04AM06,DB01045,ISONIAZIDA/RIFAMPICINA/PIRAZINAMIDA/ETAMBUTOL
C01DA08,DB00883,ISOSORBIDA DINITRATO
C01DA14,DB01020,ISOSORBIDA MONONITRATO
D10BA01,DB00982,ISOTRETINOINA
J02AC02,DB01167,ITRACONAZOL
C01EB17,DB09083,IVABRADINA
P02CF01,DB00602,IVERMECTINA
L01XX50,DB09570,IXAZOMIB
L04AC13,DB11569,IXEKIZUMAB
N01AX03,DB01221,KETAMINA
J02AB02,DB01026,KETOCONAZOL
M01AE03,DB01009,KETOPROFENO
M01AB15,DB00465,KETOROLACO
S01GX08,DB00920,KETOTIFENO
C07AG01,DB00598,LABETALOL
N03AX18,DB06218,LACOSAMIDA
A06AD11,DB00581,LACTULOSA
J05AF05,DB00709,LAMIVUDINA
J05AR01,DB00709,LAMIVUDINA/ZIDOVUDINA
N03AX09,DB00555,LAMOTRIGINA
B06AC05,DB14597,LANADELUMAB
H01CB03,DB06791,LANREOTIDA
L01EH01,DB01259,LAPATINIB
A16AB05,DB00090,LARONIDASA
L01XX02,DB08886,L-ASPARAGINASA
S01EE01,DB00654,LATANOPROST
L04AA13,DB01097,LEFLUNOMIDA
L04AX04,DB00480,LENALIDOMIDA
L01EX08,DB09078,LENVATINIB
L02BG04,DB01006,LETROZOL
L02AE02,DB00007,LEUPRORELINA
N03AX14,DB01202,LEVETIRACETAM
A16AA01,DB00583,LEVOCARNITINA
R06AE09,DB06282,LEVOCETIRIZINA
N04BA02,DB01235,LEVODOPA/CARBIDOPA
J01MA12,DB01137,LEVOFLOXACINO
N05AA02,DB01403,LEVOMEPROMAZINA
G03AC03,DB00367,LEVONORGESTREL
G03AA07,DB00367,LEVONORGESTREL/ETINILESTRADIOL
C01CX08,DB00922,LEVOSIMENDAN
H03AA01,DB00451,LEVOTIROXINA
N01BB02,DB00281,LIDOCAINA
N01BB52,DB00281,LIDOCAINA/EPINEFRINA
C05AA01,DB00281,LIDOCAINA/HIDROCORTISONA
A10BH05,DB08882,LINAGLIPTINA
G03DC03,DB12474,LINESTRENOL
J01XX08,DB00601,LINEZOLID
L03AA14,DB13200,LIPEGFILGRASTIM
A10BJ02,DB06655,LIRAGLUTIDA
C09AA03,DB00722,LISINOPRIL
N05AN01,DB01356,LITIO
A10BJ03,DB09265,LIXISENATIDA
A07DA03,DB00836,LOPERAMIDA
J05AR10,DB01601,LOPINAVIR/RITONAVIR
R06AX13,DB00455,LORATADINA
R06AX,DB00455,LORATADINA/BETAMETASONA
N05BA06,DB00186,LORAZEPAM
L01EC05,DB12130,LORLATINIB
A05BA,DB15577,L-ORNITINA/L-ASPARTATO
C09CA01,DB00678,LOSARTAN
C09DA01,DB00678,LOSARTAN/HIDROCLOROTIAZIDA
S01BA14,DB00873,LOTEPREDNOL
L01XX55,DB12674,LURBINECTEDINA
B03XA06,DB12281,LUSPATERCEPT
G03GA07,DB00044,LUTROPINA ALFA
C02KX04,DB08932,MACITENTAN
C02KX54,DB08932,MACITENTAN/TADALAFIL
A02AF01,DB08938,MAGALDRATO/DIMETICONA
A12CC,DB09481,MAGNESIO
B05XA05,DB00653,MAGNESIO SULFATO
B05BC01,DB00742,MANITOL
J05AX09,DB04835,MARAVIROC
C01EB24,DB14921,MAVACAMTEN
P02CA01,DB00643,MEBENDAZOL
P02C,DB00643,MEBENDAZOL/QUINFAMIDA
A03AA04,DB12554,MEBEVERINA
R06AE53,DB00737,MECLOZINA/PIRIDOXINA
G03DA02,DB00603,MEDROXIPROGESTERONA
G03FA12,DB00603,MEDROXIPROGESTERONA/ESTRADIOL
L02AB01,DB00351,MEGESTROL
N05CH01,DB01065,MELATONINA
L01AA03,DB01042,MELFALAN
M01AC06,DB00814,MELOXICAM
M01AC56,DB00814,MELOXICAM/CARISOPRODOL
N06DX01,DB01043,MEMANTINA
B02BA02,DB00170,MENADIONA
R03DX09,DB06612,MEPOLIZUMAB
L01BB02,DB01033,MERCAPTOPURINA
J01DH02,DB00760,MEROPENEM
A07EC02,DB00244,MESALAZINA
V03AF01,DB09110,MESNA
G03BA03,DB13587,MESTEROLONA
N07BC02,DB00333,METADONA
N02BB02,DB04817,METAMIZOL
A14AA04,DB13710,METENOLONA
A10BA02,DB00331,METFORMINA
A10BD02,DB00331,METFORMINA/GLIBENCLAMIDA
A10BD02,DB00331,METFORMINA/GLIMEPIRIDA
A10BD11,DB00331,METFORMINA/LINAGLIPTINA
C02AB01,DB00968,METILDOPA
N06BA04,DB00422,METILFENIDATO
H02AB04,DB00959,METILPREDNISOLONA
V03AB17,DB09241,METILTIONINIO (AZUL DE METILENO)
M03BA03,DB00423,METOCARBAMOL
A03FA01,DB01233,METOCLOPRAMIDA
C07AB02,DB00264,METOPROLOL
L01BA01,DB00563,METOTREXATO
D05BA02,DB00553,METOXALENO
B03XA03,DB00016,METOXI-PEG-EPOETINA BETA
J01XD01,DB00916,METRONIDAZOL
D01AC02,DB01110,MICONAZOL
N05CD08,DB00683,MIDAZOLAM
L01EX10,DB06595,MIDOSTAURINA
L03AX15,DB13615,MIFAMURTIDA
G03XB01,DB00834,MIFEPRISTONA
A16AX06,DB00419,MIGLUSTAT
C01CE02,DB00235,MILRINONA
J01AA08,DB01017,MINOCICLINA
G04BD12,DB08893,MIRABEGRON
N06AX11,DB00370,MIRTAZAPINA
G02AD06,DB00929,MISOPROSTOL
L01DC03,DB00305,MITOMICINA
L01DB07,DB01204,MITOXANTRONA
D07AC13,DB00764,MOMETASONA
R03DC03,DB00471,MONTELUKAST
R03DC53,DB00471,MONTELUKAST/LEVOCETIRIZINA
N02AA01,DB00295,MORFINA
B02BD02,DB13999,MOROCTOCOG ALFA
A03FA09,DB11675,MOSAPRIDA
J01MA14,DB00218,MOXIFLOXACINO
A11BA,DB00115,MULTIVITAMINAS
D06AX09,DB00410,MUPIROCINA
B01AB06,DB08813,NADROPARINA
S01GA01,DB06711,NAFAZOLINA
N02AF02,DB00844,NALBUFINA
V03AB15,DB01183,NALOXONA
M01AE02,DB00788,NAPROXENO
L04AA23,DB00108,NATALIZUMAB
L01FX14,DB15965,NAXITAMAB
J01GB05,DB00994,NEOMICINA
S02CA05,DB00994,NEOMICINA/POLIMIXINA B/FLUOCINOLONA/LIDOCAINA
S01AA30,DB00994,NEOMICINA/POLIMIXINA B/BACITRACINA
S01AA30,DB00994,NEOMICINA/POLIMIXINA B/GRAMICIDINA
N07AA01,DB01400,NEOSTIGMINA
S01BC10,DB06802,NEPAFENACO
J01GB07,DB00955,NETILMICINA
J05AG01,DB00238,NEVIRAPINA
N07BA01,DB00184,NICOTINA
C08CA05,DB01115,NIFEDIPINO
L01EA03,DB04868,NILOTINIB
C08CA06,DB00393,NIMODIPINO
L01EX09,DB09079,NINTEDANIB
J05AE30,DB00503,NIRMATRELVIR/RITONAVIR
J06BD08,DB16258,NIRSEVIMAB
A07AA02,DB00646,NISTATINA
P01AX11,DB00507,NITAZOXANIDA
A16AX04,DB00348,NITISINONA
D08AF01,DB00336,NITROFURAL
J01XE01,DB00698,NITROFURANTOINA
C01DA02,DB00727,NITROGLICERINA
C02DD01,DB00325,NITROPRUSIATO
L01FF01,DB09035,NIVOLUMAB
G03AA13,DB06713,NORELGESTROMINA/ETINILESTRADIOL
C01CA03,DB00368,NOREPINEFRINA
G03DC02,DB00717,NORETISTERONA
G03FA01,DB00717,NORETISTERONA/ESTRADIOL
M09AX07,DB13161,NUSINERSEN
L01FC02,DB08935,OBINUTUZUMAB
L04AA36,DB11988,OCRELIZUMAB
B02BD02,DB00025,OCTOCOG ALFA
H01CB02,DB00104,OCTREOTIDA
L01FA01,DB06650,OFATUMUMAB
J01MA01,DB01165,OFLOXACINA
N05AH03,DB00334,OLANZAPINA
L01XX46,DB09074,OLAPARIB
C09CA08,DB00275,OLMESARTAN
C09DB02,DB00275,OLMESARTAN/AMLODIPINO
C09DX03,DB00275,OLMESARTAN/AMLODIPINO/HIDROCLOROTIAZIDA
C09DA08,DB00275,OLMESARTAN/HIDROCLOROTIAZIDA
R03DX05,DB00043,OMALIZUMAB
A02BC01,DB00338,OMEPRAZOL
M09AX09,DB15528,ONASEMNOGENE ABEPARVOVEC
A04AA01,DB00904,ONDANSETRON
M03BC01,DB01173,ORFENADRINA
J05AH02,DB00198,OSELTAMIVIR
L01EB04,DB09330,OSIMERTINIB
A03AB06,DB13500,OTILONIO
L01XA03,DB00526,OXALIPLATINO
N03AF02,DB00776,OXCARBAZEPINA
G04BD04,DB01062,OXIBUTININA
N02AA05,DB00497,OXICODONA
N02AA55,DB00497,OXICODONA/NALOXONA
D02AB,DB09321,OXIDO DE ZINC
R01AA05,DB00935,OXIMETAZOLINA
H01BB02,DB00107,OXITOCINA
R05DB13,DB13216,OXOLAMINA
L01CD01,DB01229,PACLITAXEL
L01CD02,DB01229,PACLITAXEL (UNIDO A ALBUMINA)
L01EF01,DB09073,PALBOCICLIB
N05AX13,DB01267,PALIPERIDONA
J06BB16,DB00110,PALIVIZUMAB
A04AA05,DB00377,PALONOSETRON
A04AD13,DB00377,PALONOSETRON/NETUPITANT
A09AA02,DB00085,PANCREATINA
L01XC08,DB01269,PANITUMUMAB
A02BC02,DB00213,PANTOPRAZOL
N02BE01,DB00316,PARACETAMOL
M03BB53,DB00316,PARACETAMOL/CLORZOXAZONA
H05BX02,DB00910,PARICALCITOL
N06AB05,DB00715,PAROXETINA
L01EX03,DB06589,PAZOPANIB
L01XX24,DB00059,PEGASPARGASA
L03AA13,DB00019,PEGFILGRASTIM
L03AB,DB00008,PEGINTERFERON ALFA
L01FF02,DB09037,PEMBROLIZUMAB
L01BA04,DB00642,PEMETREXED
M01CC01,DB00859,PENICILAMINA
P01CX01,DB00738,PENTAMIDINA
C04AD03,DB00806,PENTOXIFILINA
N05AB03,DB00850,PERFENAZINA
C09BB04,DB00790,PERINDOPRIL/AMLODIPINO
C09BX01,DB00790,PERINDOPRIL/AMLODIPINO/INDAPAMIDA
C09BA04,DB00790,PERINDOPRIL/INDAPAMIDA
P03AC04,DB04930,PERMETRINA
L01XC13,DB06366,PERTUZUMAB
L01XY02,DB06366,PERTUZUMAB/TRASTUZUMAB
L03AX05,DB11364,PIDOTIMOD
S01EB01,DB01085,PILOCARPINA
D11AH02,DB00337,PIMECROLIMUS
A03AX04,DB09090,PINAVERIO
A03AX,DB09090,PINAVERIO/DIMETICONA
A10BG03,DB01132,PIOGLITAZONA
J01CR05,DB00319,PIPERACILINA/TAZOBACTAM
N06BX03,DB09210,PIRACETAM
J04AK01,DB00339,PIRAZINAMIDA
L04AX05,DB04951,PIRFENIDONA
N07AA02,DB00545,PIRIDOSTIGMINA
P01BD01,DB00205,PIRIMETAMINA
M01AC01,DB00554,PIROXICAM
A06A,DB11097,PLANTAGO PSYLLIUM
V07A,DB08888,PLASMA HUMANO CONGELADO
L03AX16,DB06809,PLERIXAFOR
D06BB,DB09094,PODOFILINA
L01FX13,DB12240,POLATUZUMAB VEDOTINA
C05BB02,DB06811,POLIDOCANOL
A06AD15,DB09287,POLIETILENGLICOL
A11AA03,DB00115,POLIVITAMINAS Y MINERALES
L04AX06,DB08910,POMALIDOMIDA
L01EA05,DB08901,PONATINIB
A12BA,DB01345,POTASIO SALES
L01BA05,DB06813,PRALATREXATO
N04BC05,DB00413,PRAMIPEXOL
B01AC22,DB06209,PRASUGREL
C10AA03,DB00175,PRAVASTATINA
P02BA01,DB01058,PRAZICUANTEL
C02CA01,DB00457,PRAZOSINA
H02AB06,DB00860,PREDNISOLONA
S01CA01,DB00635,PREDNISOLONA/SULFACETAMIDA
H02AB07,DB00635,PREDNISONA
N03AX16,DB00230,PREGABALINA
N01BB54,DB00750,PRILOCAINA/FELIPRESINA
P01BC02,DB01087,PRIMAQUINA
N03AA03,DB00794,PRIMIDONA
M04AB01,DB01032,PROBENECID
G03DA04,DB00396,PROGESTERONA
C01BC03,DB01182,PROPAFENONA
N01AX10,DB00818,PROPOFOL
C07AA05,DB00571,PROPRANOLOL
V03AB14,DB13700,PROTAMINA
A06AX05,DB06480,PRUCALOPRIDA
N05AH04,DB01224,QUETIAPINA
P01AX07,DB12780,QUINFAMIDA
J01FG02,DB01369,QUINUPRISTINA/DALFOPRISTINA
A07XA04,DB11696,RACECADOTRILO
G03XC01,DB00481,RALOXIFENO
J05AX08,DB06817,RALTEGRAVIR
C09AA05,DB00178,RAMIPRIL
S01LA04,DB01270,RANIBIZUMAB
C01EB18,DB00243,RANOLAZINA
N04BD02,DB01367,RASAGILINA
L04AA44,DB11580,RAVULIZUMAB
L01EX05,DB08896,REGORAFENIB
N02AB10,DB00899,REMIFENTANILO
J05AB04,DB00811,RIBAVIRINA
L01EF02,DB11730,RIBOCICLIB
J04AB02,DB01045,RIFAMPICINA
J04AM02,DB01045,RIFAMPICINA/ISONIAZIDA
J04AM06,DB01045,RIFAMPICINA/ISONIAZIDA/PIRAZINAMIDA/ETAMBUTOL
A07AA11,DB01220,RIFAXIMINA
C02KX05,DB08931,RIOCIGUAT
L04AC18,DB14762,RISANKIZUMAB
M09AX10,DB15305,RISDIPLAM
N05AX08,DB00734,RISPERIDONA
J05AE03,DB00503,RITONAVIR
L01FA01,DB00073,RITUXIMAB
B01AF01,DB06228,RIVAROXABAN
N06DA03,DB00989,RIVASTIGMINA
M03AC09,DB00728,ROCURONIO
B02BX04,DB05332,ROMIPLOSTIM
M05BX04,DB11866,ROMOSOZUMAB
N01BB09,DB00296,ROPIVACAINA
C10AA07,DB01098,ROSUVASTATINA
C10BA06,DB01098,ROSUVASTATINA/EZETIMIBA
N04BC09,DB05271,ROTIGOTINA
B02BD04,DB16007,RURIOCTOCOG ALFA PEGOL
L01EJ01,DB08877,RUXOLITINIB
L01FX17,DB12893,SACITUZUMAB GOVITECAN
C09DX04,DB09292,SACUBITRILO/VALSARTAN
R03AC02,DB01001,SALBUTAMOL
R03AC12,DB00938,SALMETEROL
R03AK06,DB00938,SALMETEROL/FLUTICASONA
A16AX07,DB00360,SAPROPTERINA
L04AC19,DB15762,SATRALIZUMAB
A16AB12,DB11563,SEBELIPASA ALFA
L04AC10,DB09029,SECUKINUMAB
N04BD01,DB01037,SELEGILINA
B01AC27,DB11362,SELEXIPAG
L01EE04,DB11689,SELUMETINIB
A10BJ06,DB13928,SEMAGLUTIDA
A06AB06,DB11365,SENOSIDOS
N06AB06,DB01104,SERTRALINA
V03AE02,DB00658,SEVELAMERO
N01AB08,DB01236,SEVOFLURANO
G04BE03,DB00203,SILDENAFIL
B02BD08,DB09108,SIMOCTOCOG ALFA
C10AA01,DB00641,SIMVASTATINA
L04AA10,DB00877,SIROLIMUS
A10BH01,DB01261,SITAGLIPTINA
A10BD07,DB01261,SITAGLIPTINA/METFORMINA
J05AP55,DB08934,SOFOSBUVIR/VELPATASVIR
G04BD08,DB01591,SOLIFENACINA
H01AC01,DB00052,SOMATROPINA
L01XE05,DB00398,SORAFENIB
L01XX73,DB15569,SOTORASIB
A02BX02,DB00364,SUCRALFATO
V03AB35,DB06206,SUGAMMADEX
S01AB04,DB00634,SULFACETAMIDA
D06BA01,DB05245,SULFADIAZINA DE PLATA
A07EC01,DB00795,SULFASALAZINA
B03AA07,DB13257,SULFATO FERROSO
M01AB02,DB00605,SULINDACO
N05AL01,DB00391,SULPIRIDA
N02CC01,DB00669,SUMATRIPTAN
L01EX01,DB01268,SUNITINIB
M03AB01,DB00202,SUXAMETONIO
L04AD02,DB00864,TACROLIMUS
G04BE08,DB00820,TADALAFIL
N07XX08,DB11644,TAFAMIDIS
L04AX02,DB01041,TALIDOMIDA
A16AB11,DB08876,TALIGLUCERASA ALFA
L02BA01,DB00675,TAMOXIFENO
G04CA02,DB00706,TAMSULOSINA
N02AX06,DB06204,TAPENTADOL
L01FX23,DB16655,TECLISTAMAB
J01XA02,DB06149,TEICOPLANINA
C09CA07,DB00966,TELMISARTAN
C09DA07,DB00966,TELMISARTAN/HIDROCLOROTIAZIDA
L01AX03,DB00853,TEMOZOLOMIDA
B01AD11,DB00031,TENECTEPLASA
J05AF07,DB00300,TENOFOVIR
J05AF13,DB00300,TENOFOVIR ALAFENAMIDA
J05AR03,DB00300,TENOFOVIR/EMTRICITABINA
R03DA04,DB00277,TEOFILINA
G04CA03,DB01162,TERAZOSINA
D01BA02,DB00857,TERBINAFINA
L04AA31,DB08880,TERIFLUNOMIDA
H05AA02,DB06285,TERIPARATIDA
H01BA04,DB02638,TERLIPRESINA
G03BA03,DB00624,TESTOSTERONA
N07XX06,DB04844,TETRABENAZINA
S01HA03,DB09085,TETRACAINA
J01AA07,DB00759,TETRACICLINA
R03DX11,DB15090,TEZEPELUMAB
H03BB02,DB00763,TIAMAZOL
G03CX01,DB09070,TIBOLONA
B01AC24,DB08816,TICAGRELOR
J01AA12,DB00560,TIGECICLINA
S01ED01,DB00373,TIMOLOL
S01ED51,DB00373,TIMOLOL/BRINZOLAMIDA
P01AB02,DB00911,TINIDAZOL
N01AF03,DB00599,TIOPENTAL
R03BB04,DB01409,TIOTROPIO
R03BB04,DB01409,TIOTROPIO
R03AL06,DB01409,TIOTROPIO/OLODATEROL
B01AC17,DB00775,TIROFIBAN
H01AB01,DB00024,TIROTROPINA ALFA
H03AA03,DB00451,TIROXINA/TRIYODOTIRONINA
A10BJ08,DB15171,TIRZEPATIDA
J01GB01,DB00684,TOBRAMICINA
S01CA01,DB00684,TOBRAMICINA/DEXAMETASONA
L04AC07,DB06273,TOCILIZUMAB
L04AA29,DB08895,TOFACITINIB
G04BD07,DB01036,TOLTERODINA
N03AX11,DB00273,TOPIRAMATO
L01XX17,DB01030,TOPOTECAN
M03AX01,DB00083,TOXINA BOTULINICA TIPO A
L01CX01,DB05109,TRABECTEDINA
N02AX02,DB00193,TRAMADOL
N02AJ15,DB00193,TRAMADOL/KETOROLACO
N02AJ14,DB00193,TRAMADOL/DEXKETOPROFENO
N02AJ13,DB00193,TRAMADOL/PARACETAMOL
L01XC03,DB00072,TRASTUZUMAB
L01FX18,DB00072,TRASTUZUMAB DERUXTECAN
L01XC14,DB00072,TRASTUZUMAB EMTANSINA
S01EE04,DB00287,TRAVOPROST
L01FF06,DB11771,TREMELIMUMAB
B01AC21,DB00374,TREPROSTINIL
D10BA01,DB00755,TRETINOINA
N05CD05,DB00897,TRIAZOLAM
N05AB06,DB00831,TRIFLUOPERAZINA
A16AX12,DB11677,TRIHEPTANOINA
N04AA01,DB00376,TRIHEXIFENIDILO
A03AA05,DB09089,TRIMEBUTINA
A03A,DB09089,TRIMEBUTINA/SIMETICONA
J01EE01,DB01015,TRIMETOPRIMA/SULFAMETOXAZOL
C01DA02,DB00727,TRINITRATO DE GLICERILO
L01XX27,DB01169,TRIOXIDO DE ARSENICO
L02AE04,DB06825,TRIPTORELINA
S01FA06,DB00809,TROPICAMIDA
S01FA56,DB00809,TROPICAMIDA/FENILEFRINA
A04AA03,DB11699,TROPISETRON
B02BD02,DB14738,TUROCTOCOG ALFA PEGOL
G03XB02,DB08867,ULIPRISTAL
L04AF03,DB15091,UPADACITINIB
L04AC05,DB05679,USTEKINUMAB
J05AB11,DB00577,VALACICLOVIR
J05AB14,DB01610,VALGANCICLOVIR
N03AG01,DB00313,VALPROATO
N03AG01,DB00313,VALPROATO SEMISODICO
C09CA03,DB00177,VALSARTAN
C09DX02,DB00177,VALSARTAN/ALISKIREN
C09DA03,DB00177,VALSARTAN/HIDROCLOROTIAZIDA
J01XA01,DB00512,VANCOMICINA
L01EX04,DB05294,VANDETANIB
N07BA03,DB01273,VARENICLINA
H01BA06,DB00067,VASOPRESINA
M03AC03,DB01339,VECURONIO
L04AA33,DB09033,VEDOLIZUMAB
A16AB10,DB06720,VELAGLUCERASA ALFA
L01XX52,DB11581,VENETOCLAX
N06AX16,DB00285,VENLAFAXINA
C08DA01,DB00661,VERAPAMILO
C01DX22,DB15456,VERICIGUAT
A16AB18,DB12366,VESTRONIDASA ALFA
N03AG04,DB01080,VIGABATRINA
A10BH02,DB04876,VILDAGLIPTINA
A10BD08,DB04876,VILDAGLIPTINA/METFORMINA
L01CA01,DB00570,VINBLASTINA
L01CA02,DB00541,VINCRISTINA
L01CA04,DB00361,VINORELBINA
A11HA03,DB00163,VITAMINA E (TOCOFEROL)
C10AX18,DB15067,VOLANESORSEN
J02AC03,DB00582,VORICONAZOL
L01XH,DB02546,VORINOSTAT
N06AX26,DB09068,VORTIOXETINA
N07XX18,DB16699,VUTRISIRAN
B01AA03,DB00682,WARFARINA
J05AH01,DB00558,ZANAMIVIR
L01EL03,DB15035,ZANUBRUTINIB
J05AF01,DB00495,ZIDOVUDINA
S01GA55,DB01593,ZINC/FENILEFRINA
N05AE04,DB00246,ZIPRASIDONA
N02CC03,DB00315,ZOLMITRIPTAN
N05CF02,DB00425,ZOLPIDEM
N05AF05,DB01624,ZUCLOPENTIXOL
B06AX08,DB17492,ANSELAMIMAB
L01XA06,DB13145,NEDAPLATIN
N03AX15,DB00909,ZONISAMIDA
